{"Labels": {"_type": "images/separated", "width": 1600, "height": 1600, "format": "jpg", "count": 2, "filenames": ["media/images/Labels_0_929f07d2a9ee32fd1637.jpg", "media/images/Labels_0_de242e245231cc1abb8d.jpg"], "captions": ["labels.jpg", "labels_correlogram.jpg"]}, "_timestamp": 1677022557.197385, "train/box_loss": 0.0328548364341259, "train/obj_loss": 0.022397678345441818, "train/cls_loss": 0.0, "metrics/precision": 0.1610986590385437, "metrics/recall": 0.004241437651216984, "metrics/mAP_0.5": 0.8159274217376448, "metrics/mAP_0.5:0.95": 0.8241416115985117, "val/box_loss": 0.8704599580578006, "val/obj_loss": 0.5907231492184895, "val/cls_loss": 0.02607962116599083, "x/lr0": 0.01053278986364603, "x/lr1": 0.0, "x/lr2": 0.006389458031706068, "_runtime": 351068.91672611237, "_step": 132, "Bounding Box Debugger/Images": {"_type": "images/separated", "width": 640, "height": 640, "format": "png", "count": 16, "filenames": ["media/images/Bounding Box Debugger/Images_119_859fe0cbc1db28f5237a.png", "media/images/Bounding Box Debugger/Images_119_db79e997fdd2196019bd.png", "media/images/Bounding Box Debugger/Images_119_71655332f6208479fac6.png", "media/images/Bounding Box Debugger/Images_119_c8e341ea47324b6aba21.png", "media/images/Bounding Box Debugger/Images_119_86d79e8c82169b778bdb.png", "media/images/Bounding Box Debugger/Images_119_359644bffb45e703360d.png", "media/images/Bounding Box Debugger/Images_119_2feab8e0369e08648246.png", "media/images/Bounding Box Debugger/Images_119_efc4f49ab7b290ec4739.png", "media/images/Bounding Box Debugger/Images_119_f8eab41df482504275c2.png", "media/images/Bounding Box Debugger/Images_119_8ba49fe34c388f057e4e.png", "media/images/Bounding Box Debugger/Images_119_3c04bfd578b43763243a.png", "media/images/Bounding Box Debugger/Images_119_c6afe403d8d512c6378d.png", "media/images/Bounding Box Debugger/Images_119_73331753962cb9cf3369.png", "media/images/Bounding Box Debugger/Images_119_39c04d80381e7faf34c8.png", "media/images/Bounding Box Debugger/Images_119_b3e8c29ebe285739dc53.png", "media/images/Bounding Box Debugger/Images_119_472099e1c5faa6faf98e.png"], "captions": ["000000000139.jpg", "000000000785.jpg", "000000000872.jpg", "000000000885.jpg", "000000001000.jpg", "000000001268.jpg", "000000001296.jpg", "000000001353.jpg", "000000001490.jpg", "000000001584.jpg", "000000002006.jpg", "000000002153.jpg", "000000002261.jpg", "000000002299.jpg", "000000002431.jpg", "000000002473.jpg"], "all_boxes": [{"predictions": {"_type": "boxes2D", "sha256": "cdbbc407e93faadf0aad030be622ac7e0f7a61a9977184fe728d5c19cfe934fc", "size": 8148, "path": "media/metadata/boxes2D/Bounding Box Debugger/Images_119_cdbbc407e93faadf0aad.boxes2D.json"}}, {"predictions": {"_type": "boxes2D", "sha256": "4fcb64397993b906f6824fcb42f1c11defea21921f2ccdee53dbaf22b385ba10", "size": 443, "path": "media/metadata/boxes2D/Bounding Box Debugger/Images_119_4fcb64397993b906f682.boxes2D.json"}}, {"predictions": {"_type": "boxes2D", "sha256": "905dba33a605458999c58408829014e077286907373cff19b348d8a5f46f28da", "size": 2719, "path": "media/metadata/boxes2D/Bounding Box Debugger/Images_119_905dba33a605458999c5.boxes2D.json"}}, {"predictions": {"_type": "boxes2D", "sha256": "52b177279de80548c4ebec74e76414033e1925638593c57228427c53a4dcf1fe", "size": 11425, "path": "media/metadata/boxes2D/Bounding Box Debugger/Images_119_52b177279de80548c4eb.boxes2D.json"}}, {"predictions": {"_type": "boxes2D", "sha256": "ead7e2dca63234bffef59216528d8edbdcf8325740af5836fbf32023750d9195", "size": 18671, "path": "media/metadata/boxes2D/Bounding Box Debugger/Images_119_ead7e2dca63234bffef5.boxes2D.json"}}, {"predictions": {"_type": "boxes2D", "sha256": "7838bceb68892825e7f7f59751d351404f574de2a804fb4fc3e0d94a5dcbba5f", "size": 11862, "path": "media/metadata/boxes2D/Bounding Box Debugger/Images_119_7838bceb68892825e7f7.boxes2D.json"}}, {"predictions": {"_type": "boxes2D", "sha256": "550c7fdcaef18ae771dd740d67fdde763d6e807fa8beb3a09e0414fcd36d1c52", "size": 11326, "path": "media/metadata/boxes2D/Bounding Box Debugger/Images_119_550c7fdcaef18ae771dd.boxes2D.json"}}, {"predictions": {"_type": "boxes2D", "sha256": "fb3d44c35b22af3a30bdcdec07d43f0decd2188e8a47829ac25d72b281a0f1d2", "size": 11430, "path": "media/metadata/boxes2D/Bounding Box Debugger/Images_119_fb3d44c35b22af3a30bd.boxes2D.json"}}, {"predictions": {"_type": "boxes2D", "sha256": "c28ea1975db4c3c08299968a08e791cdae3f3a9d49e34e39757f72d12500deae", "size": 1293, "path": "media/metadata/boxes2D/Bounding Box Debugger/Images_119_c28ea1975db4c3c08299.boxes2D.json"}}, {"predictions": {"_type": "boxes2D", "sha256": "e534a9bdfffaf45bc57209274b6d280b86e3f10524240f0417d5a3fe7d6184f3", "size": 10816, "path": "media/metadata/boxes2D/Bounding Box Debugger/Images_119_e534a9bdfffaf45bc572.boxes2D.json"}}, {"predictions": {"_type": "boxes2D", "sha256": "5f4a2dd20ac2fa2bb4cc123addcd49c5b8207530c597fd4310025cd05a2d94d6", "size": 14025, "path": "media/metadata/boxes2D/Bounding Box Debugger/Images_119_5f4a2dd20ac2fa2bb4cc.boxes2D.json"}}, {"predictions": {"_type": "boxes2D", "sha256": "1f5a1b2f95277933823dc91cc98de38cac6ef117eae6a48b36346f4272ddf18d", "size": 8729, "path": "media/metadata/boxes2D/Bounding Box Debugger/Images_119_1f5a1b2f95277933823d.boxes2D.json"}}, {"predictions": {"_type": "boxes2D", "sha256": "7295f2745ca7cade5214b5258380e3f20c03cadb027b6945d5c44024e7ba78de", "size": 4385, "path": "media/metadata/boxes2D/Bounding Box Debugger/Images_119_7295f2745ca7cade5214.boxes2D.json"}}, {"predictions": {"_type": "boxes2D", "sha256": "cc0db47419f835e9eaadc5ec6346205263494ceb2ee233f61bfc018146123dd7", "size": 48575, "path": "media/metadata/boxes2D/Bounding Box Debugger/Images_119_cc0db47419f835e9eaad.boxes2D.json"}}, {"predictions": {"_type": "boxes2D", "sha256": "b8b1dc1e9b8c650be54f72aff11be764229742f28d46f3255e9e1898d5f64689", "size": 4521, "path": "media/metadata/boxes2D/Bounding Box Debugger/Images_119_b8b1dc1e9b8c650be54f.boxes2D.json"}}, {"predictions": {"_type": "boxes2D", "sha256": "18942ce1b328a6c599e73dcfeec31c62ec97f34b2efd678ac933ae9b5de04f5f", "size": 5291, "path": "media/metadata/boxes2D/Bounding Box Debugger/Images_119_18942ce1b328a6c599e7.boxes2D.json"}}]}, "_wandb": {"runtime": 352797}}