{"box_data": [{"position": {"minX": 284.28125, "minY": 42.21875, "maxX": 498.40625, "maxY": 383.71875}, "class_id": 0, "box_caption": "person 0.737", "scores": {"class_score": 0.7371039390563965}, "domain": "pixel"}, {"position": {"minX": 340.125, "minY": 57.9375, "maxX": 539.375, "maxY": 385.1875}, "class_id": 0, "box_caption": "person 0.002", "scores": {"class_score": 0.001752256415784359}, "domain": "pixel"}], "class_labels": {"0": "person"}}