{"box_data": [{"position": {"minX": 278.578125, "minY": 42.71875, "maxX": 503.953125, "maxY": 386.71875}, "class_id": 0, "box_caption": "person 0.770", "scores": {"class_score": 0.7703676223754883}, "domain": "pixel"}, {"position": {"minX": 337.34375, "minY": 46.90625, "maxX": 551.71875, "maxY": 369.90625}, "class_id": 0, "box_caption": "person 0.002", "scores": {"class_score": 0.0016599828377366066}, "domain": "pixel"}, {"position": {"minX": 447.90625, "minY": 425.0, "maxX": 542.65625, "maxY": 425.0}, "class_id": 0, "box_caption": "person 0.001", "scores": {"class_score": 0.0011843033134937286}, "domain": "pixel"}], "class_labels": {"0": "person"}}